Name,Price
Apple iPhone 15 Pro 128GB Natural Titanium (Dual Sim),139 990
Смартфон HONOR 90 256GB Полночный черный,42 990
Apple iPhone 15 128GB Blue,99 990
Смартфон Samsung Galaxy S23 FE 128GB Мятный,64 990
Смартфон Samsung Galaxy Z Flip5 256GB Графит,109 990
Apple iPhone 15 Plus 128GB Black,126 990
Apple iPhone 15 Pro Max 512GB White Titanium (Dual Sim),209 990
Смартфон Samsung Galaxy S23 FE 256GB Бежевый,69 990
Смартфон Samsung Galaxy S23 FE 256GB Лавандовый,69 990
Смартфон Samsung Galaxy Z Fold5 512GB Голубой,199 990
Смартфон TECNO Phantom V Flip 5G 256GB Черный,52 990
Смартфон Xiaomi 13T Pro 16/1T Black,87 990
Смартфон TECNO Camon 19 128GB Морская соль,12 490
Смартфон TECNO Camon 19 128GB Эко-черный,12 490
Смартфон TECNO Camon 19 128GB Зеленый,12 490
Смартфон HONOR 90 512GB Зеленый,47 990
Смартфон Xiaomi 13T 12/256GB Black,51 990
Смартфон Infinix Hot 30i 8/128 Черный,10 990
Смартфон TECNO Pova 5 8/128GB Синий,13 990
Смартфон realme C51 4/128GB Зеленый,9 990
Смартфон TECNO Pova 5 8/256GB Синий,15 490
Смартфон realme C55 128GB Черный,14 490
Apple iPhone 14 128GB Сияющая звезда,82 490
Смартфон TECNO Pova Neo 3 4/128GB Синий,10 990